{
  "project_info": {
    "project_number": "377619949996",
    "project_id": "to-do-list-app-cb6a9",
    "storage_bucket": "to-do-list-app-cb6a9.appspot.com"
  },
  "client": [
    {
      "client_info": {
        "mobilesdk_app_id": "1:377619949996:android:f587c7bb6b482fae83f209",
        "android_client_info": {
          "package_name": "com.example.todolist"
        }
      },
      "oauth_client": [],
      "api_key": [
        {
          "current_key": "AIzaSyBwj7aMjYYfjvLFiO98MQZTxm0NfEdaKoQ"
        }
      ],
      "services": {
        "appinvite_service": {
          "other_platform_oauth_client": []
        }
      }
    },
    {
      "client_info": {
        "mobilesdk_app_id": "1:377619949996:android:c56a058bf0d7129c83f209",
        "android_client_info": {
          "package_name": "com.example.todolistapp"
        }
      },
      "oauth_client": [],
      "api_key": [
        {
          "current_key": "AIzaSyBwj7aMjYYfjvLFiO98MQZTxm0NfEdaKoQ"
        }
      ],
      "services": {
        "appinvite_service": {
          "other_platform_oauth_client": []
        }
      }
    }
  ],
  "configuration_version": "1"
}